Tributo;Ano;Mês;Decêndio;Arrecadação Bruta;Retificação;Compensação;Restituição;Outros;Arrecadação Líquida
IPI;2019;Janeiro;1º decêndio;1.184.376.191,13;;-22.835.343,52;-445.212,05;3.899.508,36;1.164.995.143,92
IPI;2019;Janeiro;2º decêndio;505.362.810,07;1.508.551.632,45;-91.511.158,02;-7.933.945,05;-1.923.033.857,43;-8.564.517,98
IPI;2019;Janeiro;3º decêndio;3.124.520.357,20;23.446,58;-176.542.912,08;-42.858.973,78;127.922.587,68;3.033.064.505,60
IPI;2019;Fevereiro;1º decêndio;846.117.580,21;1.832.646,16;-81.701.322,01;-21.654,92;2.969.183,40;769.196.432,84
IPI;2019;Fevereiro;2º decêndio;636.136.421,98;-111.724,14;-59.915.844,65;-4.456.015,80;50.000.414,64;621.653.252,03
IPI;2019;Fevereiro;3º decêndio;2.671.755.120,04;-162.355,67;41.362.110,70;-15.684.509,87;56.696.001,28;2.753.966.366,48
IPI;2019;Março;1º decêndio;792.597.698,74;1.038.845,23;5.999.805,32;-5.460.343,68;2.753.363,85;796.929.369,46
IPI;2019;Março;2º decêndio;725.018.802,99;159.277,75;-71.946.973,32;-7.996.657,92;68.133.677,33;713.368.126,83
IPI;2019;Março;3º decêndio;2.989.251.642,54;210.961,81;-44.879.875,93;-35.369.781,66;98.905.350,25;3.008.118.297,01
IPI;2019;Abril;1º decêndio;1.041.004.094,90;9.840.950,81;-32.002.781,62;-5.518.746,28;3.002.599,21;1.016.326.117,02
IPI;2019;Abril;2º decêndio;513.245.152,59;-426.560,31;-147.563.736,81;-78.615.193,05;12.075.368,27;298.715.030,69
IPI;2019;Abril;3º decêndio;3.026.504.178,72;-35.507,02;-336.893.922,12;-53.961.596,89;117.627.075,94;2.753.240.228,63
IPI;2019;Maio;1º decêndio;957.958.891,62;417.020,76;-27.378.913,84;-1.395.523,53;4.679.392,22;934.280.867,23
IPI;2019;Maio;2º decêndio;542.667.314,97;177.914,99;-62.819.916,65;-7.638.177,03;73.273.717,40;545.660.853,68
IPI;2019;Maio;3º decêndio;3.003.874.421,89;347.933,65;-78.074.575,11;-112.278.348,31;62.966.833,37;2.876.836.265,49
IPI;2019;Junho;1º decêndio;919.788.514,50;-22.514,93;22.391.965,22;-18.216.014,83;2.619.413,27;926.561.363,23
IPI;2019;Junho;2º decêndio;665.664.196,84;-97.327,40;-47.782.797,53;-10.362.669,65;28.589.034,59;636.010.436,85
IPI;2019;Junho;3º decêndio;2.864.006.603,58;-26.728,20;-159.590.307,72;-10.430.691,46;139.094.076,33;2.833.052.952,53
IPI;2019;Julho;1º decêndio;1.027.664.970,95;679.327,81;143.610.924,02;-6.056.185,58;5.215.168,92;1.171.114.206,12
IPI;2019;Julho;2º decêndio;575.968.087,47;-19.663,43;-91.301.585,61;-10.682.944,12;15.983.511,50;489.947.405,81
IPI;2019;Julho;3º decêndio;2.811.106.330,75;8.502.308,29;-466.142.097,35;-45.182.099,08;118.175.838,79;2.426.460.281,40
IPI;2019;Agosto;1º decêndio;953.668.899,26;-167.528,51;-54.281.295,04;-7.387.093,41;3.231.523,68;895.064.505,98
IPI;2019;Agosto;2º decêndio;653.785.193,63;40.473,67;-29.682.260,66;-5.198.597,78;81.802.327,86;700.747.136,72
IPI;2019;Agosto;3º decêndio;2.855.974.350,63;276.475,39;75.771.839,33;-87.638.418,79;62.897.203,74;2.907.281.450,30
IPI;2019;Setembro;1º decêndio;1.108.860.608,82;66.466,11;28.746.017,89;-25.214.707,34;38.940.539,64;1.151.398.925,12
IPI;2019;Setembro;2º decêndio;715.484.592,36;1.026.570,67;63.459.448,55;-12.922.295,04;77.521.178,64;844.569.495,18
IPI;2019;Setembro;3º decêndio;2.840.265.411,50;-428.458,84;2.673.532,06;-51.217.441,04;67.559.394,11;2.858.852.437,79
IPI;2019;Outubro;1º decêndio;1.188.059.306,35;32.036.255,93;-69.236.385,20;-7.463.168,70;4.509.070,07;1.147.905.078,45
IPI;2019;Outubro;2º decêndio;505.982.029,70;13.647,19;-188.985.823,22;-93.043,14;15.645.883,56;332.562.694,09
IPI;2019;Outubro;3º decêndio;3.219.142.721,46;-4.093.619,73;-323.076.673,73;-54.659.736,95;126.444.271,47;2.963.756.962,52
IPI;2019;Novembro;1º decêndio;972.364.792,03;4.320,38;-64.199.373,95;-8.033.067,96;3.905.660,30;904.042.330,80
IPI;2019;Novembro;2º decêndio;657.015.174,75;17.607.007,74;-49.716.646,11;-3.611.615,99;67.823.210,74;689.117.131,13
IPI;2019;Novembro;3º decêndio;3.217.714.771,37;-1.973.349,64;-281.659.862,10;-47.847.397,81;81.050.642,08;2.967.284.803,90
IPI;2019;Dezembro;1º decêndio;1.096.307.551,02;242.936,70;-78.203.298,39;-2.857.528,59;5.136.784,23;1.020.626.444,97
IPI;2019;Dezembro;2º decêndio;1.308.890.309,33;732.040,20;-21.313.917,20;-16.729.344,79;96.744.099,44;1.368.323.186,98
IPI;2019;Dezembro;3º decêndio;2.299.742.945,06;0;-161.447.451,00;-14.973.230,48;50.159.662,25;2.173.481.925,83
IPI;2020;Janeiro;1º decêndio;1.170.011.481,31;124.655,41;-46.785.543,32;-3.325,39;3.333.928,16;1.126.681.196,17
IPI;2020;Janeiro;2º decêndio;557.461.150,13;-58.288,85;-6.798.747,67;-320.792,51;75.633.600,51;625.916.921,61
IPI;2020;Janeiro;3º decêndio;2.914.918.589,13;93.163,60;-527.854.391,25;-78.204.314,40;65.182.393,78;2.374.135.440,86
IPI;2020;Fevereiro;1º decêndio;995.478.985,36;-2.349.244,24;-109.830.869,09;-3.216.302,52;2.156.641,02;882.239.210,53
IPI;2020;Fevereiro;2º decêndio;1.042.063.192,14;250.889,47;-93.577.692,72;-25.194.216,36;67.097.638,79;990.639.811,32
IPI;2020;Fevereiro;3º decêndio;2.123.820.514,33;-74.450,57;-33.096.007,99;-27.487.960,94;56.427.208,04;2.119.589.302,87
IPI;2020;Março;1º decêndio;1.194.514.393,79;53.338,96;-86.890.115,01;-8.737.788,41;1.156.646,35;1.100.096.475,68
IPI;2020;Março;2º decêndio;720.304.852,21;372.246,91;-74.854.220,33;-7.992.881,57;61.860.772,69;699.690.769,91
IPI;2020;Março;3º decêndio;2.275.537.081,67;-94.821,59;-96.260.627,31;-10.485.145,20;31.700.787,60;2.200.397.275,17
IPI;2020;Abril;1º decêndio;1.039.917.390,66;-13.616.307,90;-56.161.039,57;-32.378.586,29;2.249.822,72;940.011.279,62
IPI;2020;Abril;2º decêndio;511.040.581,65;-36.544,27;-137.858.900,20;-8.575.544,98;12.338.060,73;376.907.652,93
IPI;2020;Abril;3º decêndio;1.988.586.365,53;-649.726,16;289.634.196,08;-23.285.829,60;40.444.171,36;2.294.729.177,21
IPI;2020;Maio;1º decêndio;803.578.050,57;-93.971,20;-256.743.090,10;-547.932,76;1.677.051,82;547.870.108,33
IPI;2020;Maio;2º decêndio;795.393.690,59;69.436,25;-138.985.743,33;-8.134.220,27;16.043.148,92;664.386.312,16
IPI;2020;Maio;3º decêndio;1.602.755.248,92;-773,31;159.252.223,85;-24.967.885,86;32.003.555,55;1.769.042.369,15
IPI;2020;Junho;1º decêndio;953.090.313,58;-860.521,34;-50.533.034,38;-4.592.612,42;31.356.201,53;928.460.346,97
IPI;2020;Junho;2º decêndio;478.716.425,74;-10.390,39;-32.016.201,68;-3.158.133,66;12.768.838,13;456.300.538,14
IPI;2020;Junho;3º decêndio;2.083.698.591,82;14.479,83;22.436.849,39;-26.862.375,80;47.169.066,83;2.126.456.612,07
IPI;2020;Julho;1º decêndio;1.112.099.558,19;-25.203.776,84;31.857.005,65;-15.853.384,44;3.921.046,09;1.106.820.448,65
IPI;2020;Julho;2º decêndio;539.371.420,63;500.808,61;-44.973.413,05;-31.395.495,31;91.816.133,68;555.319.454,56
IPI;2020;Julho;3º decêndio;2.504.365.016,42;-1.624.890,06;-5.361.893,12;-15.190.564,53;45.943.601,50;2.528.131.270,21
IPI;2020;Agosto;1º decêndio;1.078.025.007,35;-1.277.680,79;-151.250.250,33;-10.250.226,46;4.202.969,84;919.449.819,61
IPI;2020;Agosto;2º decêndio;783.053.911,93;-452.824,37;58.276.008,91;-4.985.469,16;98.101.245,16;933.992.872,47
IPI;2020;Agosto;3º decêndio;2.999.888.565,47;-2.917,52;239.586.832,27;-60.866.008,23;94.240.259,91;3.272.846.731,90
IPI;2020;Setembro;1º decêndio;1.244.462.877,54;-150.312,03;-41.198.309,91;-18.381.761,09;4.412.807,47;1.189.145.301,98
IPI;2020;Setembro;2º decêndio;610.560.082,29;8.804,09;67.641.144,85;-16.467.797,99;22.950.695,89;684.692.929,13
IPI;2020;Setembro;3º decêndio;3.636.805.591,04;27.991,51;119.845.787,12;-19.247.968,85;151.909.914,88;3.889.341.315,70
IPI;2020;Outubro;1º decêndio;1.314.701.639,36;-41.767,87;52.116.596,57;-4.560.964,85;4.134.028,99;1.366.349.532,20
IPI;2020;Outubro;2º decêndio;866.974.776,47;-248.486,18;-350.905.562,48;-4.524.370,77;123.187.781,59;634.484.138,63
IPI;2020;Outubro;3º decêndio;3.684.234.454,57;40.413,07;99.355.516,62;-26.256.847,84;66.980.414,13;3.824.353.950,55
IPI;2020;Novembro;1º decêndio;1.456.491.884,44;-269.400,86;-161.703.460,11;-6.795.302,82;4.965.839,94;1.292.689.560,59
IPI;2020;Novembro;2º decêndio;1.295.326.259,93;307.709,53;-106.223.473,76;-832.162,17;151.023.424,81;1.339.601.758,34
IPI;2020;Novembro;3º decêndio;3.979.577.897,89;464.505,32;361.532.938,48;-23.480.730,70;80.545.281,14;4.398.639.892,13
IPI;2020;Dezembro;1º decêndio;1.434.729.602,72;40.548,01;76.658.222,23;-10.212.253,94;8.128.669,36;1.509.344.788,38
IPI;2020;Dezembro;2º decêndio;859.693.808,51;220.559,62;41.277.212,96;-55.279.707,50;36.820.531,49;882.732.405,08
IPI;2020;Dezembro;3º decêndio;3.921.322.875,47;45.465,45;75.136.468,15;-24.193.310,62;170.755.176,03;4.143.066.674,48
IPI;2021;Janeiro;1º decêndio;1.249.523.561,11;-9.492,67;92.179.461,19;-5.266.635,28;3.095.525,47;1.339.522.419,82
IPI;2021;Janeiro;2º decêndio;1.111.520.060,28;68.910,46;-434.094.438,00;-25.977.900,48;100.881.847,10;752.398.479,36
IPI;2021;Janeiro;3º decêndio;3.435.730.687,70;58.324,24;-80.926.474,12;-16.703.951,41;54.427.232,96;3.392.585.819,37
IPI;2021;Fevereiro;1º decêndio;1.483.793.834,82;191.608,69;-344.141.409,45;-6.799.743,44;4.901.850,41;1.137.946.141,03
IPI;2021;Fevereiro;2º decêndio;751.195.865,20;723,08;-191.935.953,29;-3.735.156,42;14.169.439,27;569.694.917,84
IPI;2021;Fevereiro;3º decêndio;3.391.701.221,39;61.082,43;-105.830.106,34;-20.504.078,42;107.493.709,17;3.372.921.828,23
IPI;2021;Março;1º decêndio;1.499.579.354,35;-7.008,47;141.144.640,08;-2.826.450,78;3.214.294,89;1.641.104.830,07
IPI;2021;Março;2º decêndio;976.065.582,62;843.885,33;48.699.529,03;-4.421.611,31;20.921.989,96;1.042.109.375,63
IPI;2021;Março;3º decêndio;3.783.824.807,60;182.980,90;419.379,02;-25.254.386,75;116.357.029,91;3.875.529.810,68
IPI;2021;Abril;1º decêndio;1.334.911.414,63;54.201,14;80.395.987,17;-8.036.404,71;2.510.088,54;1.409.835.286,77
IPI;2021;Abril;2º decêndio;1.022.727.091,89;181.086,74;-280.236.339,34;-7.101.708,26;53.086.816,38;788.656.947,41
IPI;2021;Abril;3º decêndio;3.327.287.280,18;164.566,67;625.977.086,07;-52.083.226,90;59.531.244,10;3.960.876.950,12
IPI;2021;Maio;1º decêndio;1.239.563.321,06;-483.238,98;-494.719.499,10;-5.920.320,60;2.926.485,03;741.366.747,41
IPI;2021;Maio;2º decêndio;1.045.061.390,12;331.279,44;74.509.302,87;-3.265.285,33;52.006.081,97;1.168.642.769,07
IPI;2021;Maio;3º decêndio;3.198.627.486,78;-573.864,08;13.124.959,38;-15.317.220,25;51.945.977,47;3.247.807.339,30
IPI;2021;Junho;1º decêndio;1.334.341.281,75;530.308,31;-26.079.926,85;-2.283.003,60;5.113.077,69;1.311.621.737,30
IPI;2021;Junho;2º decêndio;716.594.329,41;449.960,75;91.058.724,29;-1.613.398,92;19.541.008,53;826.030.624,06
IPI;2021;Junho;3º decêndio;3.620.467.032,33;105.552,38;599.003.066,98;-112.124.366,46;88.099.231,52;4.195.550.516,75
IPI;2021;Julho;1º decêndio;1.152.852.246,72;-25.311,62;31.972.832,26;-10.413.729,49;7.270.930,51;1.181.656.968,38
IPI;2021;Julho;2º decêndio;1.004.559.811,33;-8.918.489,19;-326.439.499,25;-2.785.578,65;176.584.727,22;843.000.971,46
IPI;2021;Julho;3º decêndio;3.408.079.634,89;710.835,55;-298.207.295,22;-83.294.081,95;51.019.762,51;3.078.308.855,78
IPI;2021;Agosto;1º decêndio;1.245.265.519,40;66.996,30;-216.878.280,38;-1.309.613,34;1.486.615,72;1.028.631.237,70
IPI;2021;Agosto;2º decêndio;1.174.816.743,08;-1.285.626,32;-42.156.181,03;-9.060.179,67;1.412.633,14;1.123.727.389,20
IPI;2021;Agosto;3º decêndio;3.588.869.836,17;119.236,50;157.014.875,21;-46.728.204,90;29.967.803,92;3.729.243.546,90
IPI;2021;Setembro;1º decêndio;1.399.365.517,66;153.791,41;9.569.799,24;-7.215.512,57;571.046,61;1.402.444.642,35
IPI;2021;Setembro;2º decêndio;1.165.657.282,72;-1.560.921,05;-74.087.658,01;-1.993.905,22;3.953.841,68;1.091.968.640,12
IPI;2021;Setembro;3º decêndio;4.138.496.864,79;964.353,80;-92.689.252,84;-56.271.896,43;30.772.047,91;4.021.272.117,23
IPI;2021;Outubro;1º decêndio;1.253.508.951,10;8.197,12;196.588.795,80;-619.175,95;568.324,75;1.450.055.092,82
IPI;2021;Outubro;2º decêndio;1.292.097.797,16;464.616,25;-353.131.340,15;-4.963.175,56;313.144,10;934.781.041,80
IPI;2021;Outubro;3º decêndio;3.962.638.458,93;-153.128,89;-161.170.619,37;-156.535.608,24;31.601.860,78;3.676.380.963,21
IPI;2021;Novembro;1º decêndio;1.727.669.116,34;560.270,05;-141.280.958,15;-1.797.975,58;391.615,65;1.585.542.068,31
IPI;2021;Novembro;2º decêndio;1.137.255.933,92;74.328,15;-260.748.351,85;-2.345.858,62;798.967,61;875.035.019,21
IPI;2021;Novembro;3º decêndio;4.372.981.112,07;-6.321.690,58;152.196.133,06;-29.487.562,46;32.643.464,63;4.522.011.456,72
IPI;2021;Dezembro;1º decêndio;1.629.516.164,63;-2.738.467,68;-1.316.939.898,96;-2.399.631,79;536.620,77;307.974.786,97
IPI;2021;Dezembro;2º decêndio;1.477.861.973,89;201.492,76;-8.095.501,22;-27.459.507,42;1.645.617,51;1.444.154.075,52
IPI;2021;Dezembro;3º decêndio;4.142.940.722,72;206.641,99;92.791.919,86;-55.467.261,82;35.243.618,04;4.215.715.640,79
IPI;2022;Janeiro;1º decêndio;1.612.567.638,77;168.105,57;160.849.724,69;-3.811.793,19;280.762,76;1.770.054.438,60
IPI;2022;Janeiro;2º decêndio;1.184.908.031,69;2.304.372,48;-966.468.183,95;-7.090.570,16;1.030.618,70;214.684.268,76
IPI;2022;Janeiro;3º decêndio;3.942.071.958,57;-317.362,46;-66.216.550,93;-25.839.039,96;30.252.884,14;3.879.951.889,36
IPI;2022;Fevereiro;1º decêndio;1.477.952.654,30;5.999.885,94;-272.442.140,71;-50.429.825,37;5.049.789,20;1.166.130.363,36
IPI;2022;Fevereiro;2º decêndio;788.084.639,21;-2.638.061,24;-284.906.993,19;-2.346.275,94;-65.848,16;498.127.460,68
IPI;2022;Fevereiro;3º decêndio;3.320.417.629,87;-599.233,80;1.185.872.086,49;-69.999.394,08;30.298.710,88;4.465.989.799,36
IPI;2022;Março;1º decêndio;1.306.455.589,80;-261.929,40;86.934.161,20;-1.157.572,96;570.880,59;1.392.541.129,23
IPI;2022;Março;2º decêndio;580.397.711,60;2.358.480,32;-149.423.246,86;-11.166.586,07;321.531,32;422.487.890,31
IPI;2022;Março;3º decêndio;3.648.241.207,85;-242.951,47;620.756.179,98;-61.818.992,56;29.592.289,36;4.236.527.733,16
IPI;2022;Abril;1º decêndio;1.071.895.782,58;14.506,95;73.220.097,66;-3.526.289,63;-20.884.362,84;1.120.719.734,72
IPI;2022;Abril;2º decêndio;1.122.004.938,39;-71.388,65;-106.745.940,51;-9.875.748,95;25.418.991,36;1.030.730.851,64
IPI;2022;Abril;3º decêndio;2.593.276.447,16;282.634,22;-423.398.014,52;-37.888.318,62;31.950.179,32;2.164.222.927,56
IPI;2022;Maio;1º decêndio;1.146.737.211,11;-64.409,77;-358.909.947,76;-6.999.409,16;249.241,69;781.012.686,11
IPI;2022;Maio;2º decêndio;821.535.654,96;-253.432,89;-279.259.549,56;-91.878.577,18;710.976,79;450.855.072,12
IPI;2022;Maio;3º decêndio;2.816.172.332,27;-83.718,48;52.534.241,42;-129.870.199,87;29.646.011,20;2.768.398.666,54
IPI;2022;Junho;1º decêndio;1.231.681.637,43;-115.522,50;118.543.586,31;-9.903.325,81;407.422,20;1.340.613.797,63
IPI;2022;Junho;2º decêndio;634.142.993,32;20.611,80;51.185.855,14;-3.196.229,15;339.459,42;682.492.690,53
IPI;2022;Junho;3º decêndio;3.056.235.761,00;-158.195,19;172.541.989,60;-107.381.309,74;27.825.642,49;3.149.063.888,16
IPI;2022;Julho;1º decêndio;1.339.579.434,93;-770.730,52;-174.816.928,23;-2.589.654,04;591.522,14;1.161.993.644,28
IPI;2022;Julho;2º decêndio;995.216.115,50;27.353,54;-300.903.465,70;-68.896.809,72;2.375.939,04;627.819.132,66
IPI;2022;Julho;3º decêndio;2.938.014.808,92;119.785,11;-214.096.752,99;-131.784.112,23;28.522.750,07;2.620.776.478,88
IPI;2022;Agosto;1º decêndio;1.246.984.688,58;61.822,66;-1.013.430.545,00;-1.560.977,01;426.987,10;232.481.976,33
IPI;2022;Agosto;2º decêndio;767.596.745,55;-4.108.177,94;322.045.944,16;-5.322.440,58;491.571,31;1.080.703.642,50
IPI;2022;Agosto;3º decêndio;3.070.021.849,73;1.184.098,90;56.759.349,77;-67.801.656,00;29.728.935,25;3.089.892.577,65
IPI;2022;Setembro;1º decêndio;1.141.206.440,24;-90.184,06;-46.252.472,88;-596.748,59;236.549,02;1.094.503.583,73
IPI;2022;Setembro;2º decêndio;1.017.812.304,13;2.806.496,92;16.858.087,51;-32.667.616,95;551.614,59;1.005.360.886,20
IPI;2022;Setembro;3º decêndio;3.339.566.070,26;-120.911,26;63.554.013,56;-110.056.768,88;28.598.176,96;3.321.540.580,64
IPI;2022;Outubro;1º decêndio;1.312.453.766,26;1.232.661,85;35.897.911,93;-4.402.069,85;-22.970.210,82;1.322.212.059,37
IPI;2022;Outubro;2º decêndio;1.079.078.121,67;15.880.883,03;-403.978.403,88;-29.857.432,79;-8.286.123,42;652.837.044,61
IPI;2022;Outubro;3º decêndio;3.235.367.999,82;3.382.104,25;-176.994.010,74;-55.480.755,18;23.467.035,42;3.029.742.373,57
IPI;2022;Novembro;1º decêndio;1.543.122.333,19;206.627,99;-194.252.121,77;-1.103.349.074,77;388.393,62;246.116.158,26
IPI;2022;Novembro;2º decêndio;636.572.517,24;161.110,84;-66.311.105,61;5.918.090,43;-774.378,72;575.566.234,18
IPI;2022;Novembro;3º decêndio;3.253.603.347,78;-115.364,23;262.992.131,67;-91.991.775,56;36.412.479,55;3.460.900.819,21
IPI;2022;Dezembro;1º decêndio;1.151.933.796,45;-14.466.034,54;-91.308.742,78;-7.451.159,80;-146.494,95;1.038.561.364,38
IPI;2022;Dezembro;2º decêndio;1.119.838.324,29;2.291.226,83;-149.307.855,17;-829.643,47;621.948,39;972.614.000,87
IPI;2022;Dezembro;3º decêndio;3.069.492.927,13;-33.316,23;-137.167.154,31;-93.604.921,20;-13.377.007,59;2.825.310.527,80
IPI;2023;Janeiro;1º decêndio;1.404.202.993,13;125.651,49;17.343,94;-182.400.645,78;-1.008.122,69;1.587.468.766,17
IPI;2023;Janeiro;2º decêndio;765.932.278,03;-448.160,76;504.212,48;-97.295.831,64;-5.405.514,05;868.577.572,00
IPI;2023;Janeiro;3º decêndio;2.708.429.821,54;28.123.037,15;21.230,50;-247.333.070,96;-87.847.520,71;3.015.466.145,56
IPI;2023;Fevereiro;1º decêndio;492.215.072,46;-210.987,13;3.523.310,07;-352.152.517,20;-13.125.943,97;854.181.210,69
IPI;2023;Fevereiro;2º decêndio;361.708.860,70;-441.462,33;749.831,17;-175.233.369,70;-22.353.436,55;558.987.298,11
IPI;2023;Fevereiro;3º decêndio;3.054.887.810,42;29.996.831,29;1.309.503,99;339.032.412,86;-135.260.991,19;2.819.810.053,47
IPI;2023;Março;1º decêndio;928.169.851,36;1.558.684,64;-289.696.687,12;-27.648.540,81;1.670.581,39;614.053.889,46
IPI;2023;Março;2º decêndio;772.913.814,61;1.721.002,51;-25.102.784,00;-3.918.508,37;316.655,80;745.930.180,55
IPI;2023;Março;3º decêndio;3.236.779.329,58;-1.318.347,19;425.789.464,59;-210.965.157,46;24.481.176,42;3.474.766.465,94
IPI;2023;Abril;1º decêndio;732.545.277,35;332.865,38;-174.505.019,03;-10.557.597,71;-37.087,88;547.778.438,11
IPI;2023;Abril;2º decêndio;1.078.865.115,68;-1.706.501,40;-367.975.885,66;-22.414.428,63;-2.742.694,67;684.025.605,32
IPI;2023;Abril;3º decêndio;3.134.549.225,53;-8.055.894,00;-118.960.674,27;-111.534.942,92;1.140.882,13;2.897.138.596,47
IPI;2023;Maio;1º decêndio;923.153.020,65;16.043,16;-99.316.845,07;-2.047.934,29;-2.276.264,84;819.528.019,61
IPI;2023;Maio;2º decêndio;684.503.363,79;598.512,74;-155.280.221,68;-21.904.481,02;7.840.162,44;515.757.336,27
IPI;2023;Maio;3º decêndio;3.249.175.872,39;5.910.042,51;426.402.274,35;-134.872.416,43;27.765.522,51;3.574.381.295,33
IPI;2023;Junho;1º decêndio;738.854.952,69;222.447,55;158.248.567,45;-67.514,88;445.301,25;897.703.754,06
IPI;2023;Junho;2º decêndio;889.495.152,17;593.986,16;-60.738.679,90;-13.010.235,22;-10.704.815,06;805.635.408,15
IPI;2023;Junho;3º decêndio;3.322.208.092,98;43.307,98;126.456.970,04;-49.301.986,92;28.873.988,33;3.428.280.372,41
IPI;2023;Julho;1º decêndio;769.102.467,97;45.457,44;145.791.243,66;-1.946.839,45;-2.131.998,52;910.860.331,10
IPI;2023;Julho;2º decêndio;970.529.319,16;185.982,05;-510.254.018,42;-8.311.066,52;3.689.825,26;455.840.041,53
IPI;2023;Julho;3º decêndio;3.150.421.364,65;23.885,90;55.426.143,99;-141.961.848,73;28.280.168,18;3.092.189.713,99
IPI;2023;Agosto;1º decêndio;843.848.851,11;138.903,72;-83.514.268,57;-11.779.446,19;-4.970.889,76;743.723.150,31
IPI;2023;Agosto;2º decêndio;590.533.724,91;-387.568,19;-108.281.440,49;-45.900.059,39;-3.868.910,81;432.095.746,03
IPI;2023;Agosto;3º decêndio;3.506.671.500,69;2.661.302,04;161.754.962,94;-119.863.250,94;22.960.707,14;3.574.185.221,87
IPI;2023;Setembro;1º decêndio;652.245.580,69;3.994.947,36;-82.911.606,08;-3.461.044,38;-7.470.618,58;562.397.259,01
IPI;2023;Setembro;2º decêndio;1.096.330.696,82;-8.660.037,72;93.293.290,07;-8.471.277,71;222.270.262,00;1.394.762.933,46
IPI;2023;Setembro;3º decêndio;3.519.415.482,05;4.694.978,99;109.288.698,06;-74.367.570,95;11.648.139,82;3.570.679.727,97
IPI;2023;Outubro;1º decêndio;885.294.274,16;4.075.591,86;784.323.822,07;-31.694.088,13;-11.577.521,03;1.630.422.078,93
IPI;2023;Outubro;2º decêndio;857.897.790,14;10.205.779,88;132.345.025,65;-17.966.981,60;-4.335.692,66;978.145.921,41
IPI;2023;Outubro;3º decêndio;3.598.443.323,36;1.966.209,78;-550.331.107,49;-84.035.788,64;21.627.524,56;2.987.670.161,57
IPI;2023;Novembro;1º decêndio;968.305.122,01;7.679.519,70;90.835.339,10;-5.271.720,35;-7.101.937,56;1.054.446.322,90
IPI;2023;Novembro;2º decêndio;651.747.050,26;2.782.571,06;370.826.477,29;-1.796.369,01;-2.553.739,74;1.021.005.989,86
IPI;2023;Novembro;3º decêndio;3.894.651.431,88;17.326.950,80;-889.650.750,67;-118.561.546,17;18.124.928,10;2.921.891.013,94
IPI;2023;Dezembro;1º decêndio;886.352.652,79;6.959.078,72;486.987.080,82;-1.949.056,35;4.725.754,90;1.383.075.510,88
IPI;2023;Dezembro;2º decêndio;1.370.413.368,78;2.268.918,01;-182.744.851,22;-33.001.759,25;50.272.518,81;1.207.208.195,13
IPI;2023;Dezembro;3º decêndio;3.761.572.053,08;2.009.363,99;-93.991.465,40;-106.391.069,32;31.976.033,78;3.595.174.916,13
IPI;2024;Janeiro;1º decêndio;1.505.063.600,03;4936251,09;51.760.656,06;-21.466.906,83;513.642,75;1.540.807.243,10
IPI;2024;Janeiro;2º decêndio;738.697.189,89;1.572.664,80;-531.811.193,28;-8.091.517,40;713.449,28;201.080.593,29
IPI;2024;Janeiro;3º decêndio;4.136.888.012,52;8.220.218,79;-653.782.479,19;-97.154.658,86;2.171.541,44;3.396.342.634,70
IPI;2024;Fevereiro;1º decêndio;1.286.153.472,77;202.276,00;62.519.198,98;-11.889.580,35;28.012.363,34;1.364.997.730,74
IPI;2024;Fevereiro;2º decêndio;807.107.453,37;-1.398.827,59;891.350,81;-469.358,77;2.673.212,05;808.803.829,87
IPI;2024;Fevereiro;3º decêndio;3.395.763.898,34;672.940,05;-133.094.317,25;-59.069.976,88;28.113.967,82;3.232.386.512,08
IPI;2024;Março;1º decêndio;1.164.679.461,14;1.317.042,22;137.433.426,86;-14.063.173,64;4.917.388,64;1.294.284.145,22
IPI;2024;Março;2º decêndio;1.042.250.549,88;446.136,03;899.825.211,81;-6.185.928,00;80.897.627,54;2.017.233.597,26
IPI;2024;Março;3º decêndio;3.596.160.862,78;2.721.389,42;56.376.189,59;-87.990.123,93;34.055.139,32;3.601.323.457,18
IR;2019;Janeiro;1º decêndio;5.635.792.580,98;;111.504.665,87;-6.439.339,11;62.824.531,47;5.803.682.439,21
IR;2019;Janeiro;2º decêndio;15.469.631.285,70;10.245.773.080,75;84.285.203,40;-102.838.658,28;-6.573.122.759,31;19.123.728.152,26
IR;2019;Janeiro;3º decêndio;30.839.169.440,90;-685.075,85;-839.059.820,64;-727.830.703,83;906.037.792,39;30.177.631.632,97
IR;2019;Fevereiro;1º decêndio;2.023.839.261,98;10.335.406,17;393.765.785,37;-93.572.686,66;103.296.060,68;2.437.663.827,54
IR;2019;Fevereiro;2º decêndio;9.811.770.404,39;1.359.326,57;82.311.428,80;-14.685.728,83;947.567.967,73;10.828.323.398,66
IR;2019;Fevereiro;3º decêndio;18.218.927.398,59;-6.665.528,51;-1.088.864.900,71;-545.828.285,04;351.135.873,86;16.928.704.558,19
IR;2019;Março;1º decêndio;1.745.368.004,09;2.937.731,97;37.570.661,71;-17.228.249,59;44.403.213,64;1.813.051.361,82
IR;2019;Março;2º decêndio;11.538.060.802,90;7.049.544,25;473.341.722,47;-98.682.435,25;908.282.588,31;12.828.052.222,68
IR;2019;Março;3º decêndio;14.218.553.904,61;22.799.695,15;455.466.246,06;-300.378.152,47;363.330.886,69;14.759.772.580,04
IR;2019;Abril;1º decêndio;3.133.382.771,83;1.325.719,61;-445.031.500,29;-37.703.920,30;112.094.591,38;2.764.067.662,23
IR;2019;Abril;2º decêndio;12.569.129.368,68;-50.484.131,87;147.046.870,81;-11.985.890,65;459.375.464,80;13.113.081.681,77
IR;2019;Abril;3º decêndio;26.251.296.322,38;-12.082.962,83;-131.853.629,40;-647.172.560,31;804.309.863,99;26.264.497.033,83
IR;2019;Maio;1º decêndio;2.450.938.810,80;705.101,79;-21.236.820,22;-41.855.595,79;122.520.031,61;2.511.071.528,19
IR;2019;Maio;2º decêndio;10.667.008.624,52;72.622.522,72;200.602.708,87;-51.606.506,69;967.794.832,87;11.856.422.182,29
IR;2019;Maio;3º decêndio;14.301.951.995,81;13.157.502,00;367.015.601,98;-626.608.106,38;403.507.152,80;14.459.024.146,21
IR;2019;Junho;1º decêndio;8.083.441.399,33;1.279.393,83;-1.678.661.295,29;-17.367.199,13;91.425.493,39;6.480.117.792,13
IR;2019;Junho;2º decêndio;10.328.259.916,16;1.667.257,34;-821.829.801,32;-187.714.329,45;641.265.037,35;9.961.648.080,08
IR;2019;Junho;3º decêndio;14.127.851.214,77;105.131,91;-182.272.930,35;-5.359.154.563,65;906.587.587,14;9.493.116.439,82
IR;2019;Julho;1º decêndio;3.672.859.029,80;-2.837.780,65;-486.239.120,68;-38.209.692,02;121.981.345,15;3.267.553.781,60
IR;2019;Julho;2º decêndio;10.257.398.091,72;141.845,73;1.034.305.457,13;-5.605.211,92;525.044.078,42;11.811.284.261,08
IR;2019;Julho;3º decêndio;24.936.111.930,29;-604.086,24;-968.293.365,34;-5.151.484.405,38;825.999.078,97;19.641.729.152,30
IR;2019;Agosto;1º decêndio;2.232.030.395,60;2.975.016,73;-762.291.998,05;-32.186.694,32;98.560.003,48;1.539.086.723,44
IR;2019;Agosto;2º decêndio;9.695.133.330,16;-1.009.634,48;-598.570.392,65;-42.169.329,93;1.019.372.728,27;10.072.756.701,37
IR;2019;Agosto;3º decêndio;19.355.857.062,34;-10.466.662,58;-1.833.273.690,27;-4.082.684.217,56;376.721.834,31;13.806.154.326,24
IR;2019;Setembro;1º decêndio;2.254.011.062,92;875.056,89;54.957.578,41;-31.114.279,94;106.692.325,11;2.385.421.743,39
IR;2019;Setembro;2º decêndio;10.104.833.106,69;-16.591.892,01;-612.435.555,84;-144.320.825,57;974.393.207,69;10.305.878.040,96
IR;2019;Setembro;3º decêndio;14.527.630.691,69;1.649.812,60;-645.534.105,77;-3.834.845.800,46;376.760.933,37;10.425.661.531,43
IR;2019;Outubro;1º decêndio;2.362.545.422,26;1.158.988.152,19;-180.325.707,19;-227.333.716,58;137.018.226,62;3.250.892.377,30
IR;2019;Outubro;2º decêndio;10.654.452.860,06;4.091.651,53;-296.939.359,23;-9.522.631,62;540.469.275,66;10.892.551.796,40
IR;2019;Outubro;3º decêndio;22.497.327.365,17;17.141.277,30;32.832.917,19;-3.587.949.146,03;851.863.204,57;19.811.215.618,20
IR;2019;Novembro;1º decêndio;3.509.106.272,31;-3.108.478,51;207.826.720,13;-11.637.658,08;97.914.479,85;3.800.101.335,70
IR;2019;Novembro;2º decêndio;10.328.269.897,44;-973.420,23;-146.963.960,97;-14.004.970,34;898.309.650,04;11.064.637.195,94
IR;2019;Novembro;3º decêndio;20.119.543.190,80;4.674.206,93;-1.683.032.333,16;-2.236.906.847,44;550.039.790,51;16.754.318.007,64
IR;2019;Dezembro;1º decêndio;9.408.422.490,54;-2.101.552,62;222.380.492,33;-72.105.304,33;137.393.131,72;9.693.989.257,64
IR;2019;Dezembro;2º decêndio;14.442.112.098,32;2.574.587,08;-280.446.644,42;-245.651.951,79;1.161.995.427,88;15.080.583.517,07
IR;2019;Dezembro;3º decêndio;14.532.441.341,95;-724.830,55;-717.117.139,71;-782.652.601,79;395.817.411,75;13.427.764.181,65
IR;2020;Janeiro;1º decêndio;5.145.827.478,41;-2.841.624,65;476.559.459,10;-35.211.772,38;67.931.887,95;5.652.265.428,43
IR;2020;Janeiro;2º decêndio;15.940.523.886,54;-1.043.437,29;-415.207.432,81;-4.712.860,38;1.140.198.515,65;16.659.758.671,71
IR;2020;Janeiro;3º decêndio;39.006.914.607,15;-28.398.712,93;-637.200.168,23;-958.587.514,06;456.732.029,01;37.839.460.240,94
IR;2020;Fevereiro;1º decêndio;2.496.042.000,01;4.926.757,65;1.061.681.815,50;-155.391.789,49;76.561.008,74;3.483.819.792,41
IR;2020;Fevereiro;2º decêndio;11.084.116.193,26;2.865.747,81;-301.959.369,64;-37.476.145,57;997.568.278,25;11.745.114.704,11
IR;2020;Fevereiro;3º decêndio;14.845.870.341,86;2.542.091,66;25.663.063,97;-386.510.668,77;338.476.842,60;14.826.041.671,32
IR;2020;Março;1º decêndio;1.882.853.192,32;-7.850.738,85;-145.431.064,73;-41.826.199,19;106.382.518,99;1.794.127.708,54
IR;2020;Março;2º decêndio;12.204.676.560,33;-18.419.290,33;-76.414.675,08;-19.625.305,49;884.142.768,79;12.974.360.058,22
IR;2020;Março;3º decêndio;15.526.647.926,20;404.121,52;-2.607.023.170,96;-340.220.021,48;297.040.259,29;12.876.849.114,57
IR;2020;Abril;1º decêndio;2.518.469.833,99;377.928.250,06;17.166.943,45;-5.777.292,96;86.005.100,31;2.993.792.834,85
IR;2020;Abril;2º decêndio;12.646.119.488,85;-55.997.776,25;315.568.838,73;-17.120.801,54;574.519.114,95;13.463.088.864,74
IR;2020;Abril;3º decêndio;19.548.654.142,13;25.448.606,45;-2.755.575.448,95;-364.651.513,41;337.706.870,60;16.791.582.656,82
IR;2020;Maio;1º decêndio;2.127.744.049,17;624.392,63;1.301.880.258,26;-16.843.883,82;72.200.933,08;3.485.605.749,32
IR;2020;Maio;2º decêndio;10.002.727.583,03;28.373.868,23;54.374.231,32;-107.634.897,86;559.892.219,51;10.537.733.004,23
IR;2020;Maio;3º decêndio;12.183.539.246,93;1.685.129,65;-265.432.986,60;-2.683.816.541,57;281.468.079,91;9.517.442.928,32
IR;2020;Junho;1º decêndio;5.383.460.341,31;-2.526.837,24;-54.999.897,35;-21.342.649,56;157.580.721,62;5.462.171.678,78
IR;2020;Junho;2º decêndio;9.409.578.224,20;1.947.784,51;-40.421.223,04;-60.079.413,83;495.430.101,74;9.806.455.473,58
IR;2020;Junho;3º decêndio;18.627.403.288,20;-1.038.920,09;-142.493.355,80;-6.012.408.907,56;384.839.597,74;12.856.301.702,49
IR;2020;Julho;1º decêndio;2.851.996.373,49;-143.184,78;-857.537.312,63;-47.462.323,61;118.918.849,46;2.065.772.401,93
IR;2020;Julho;2º decêndio;9.631.543.135,26;84.710,11;-76.359.856,91;-665.558.612,35;1.052.497.752,31;9.942.207.128,42
IR;2020;Julho;3º decêndio;22.369.956.457,30;-1.460.090,81;-2.995.973.258,94;-5.843.789.949,35;357.744.466,47;13.886.477.624,67
IR;2020;Agosto;1º decêndio;2.368.578.948,37;7.474.999,86;66.053.190,05;-9.455.505,52;94.887.428,07;2.527.539.060,83
IR;2020;Agosto;2º decêndio;9.577.992.210,57;-4.700.664,64;-853.738.021,69;-81.116.589,47;1.161.848.527,10;9.800.285.461,87
IR;2020;Agosto;3º decêndio;16.610.701.075,43;11.178.942,69;-4.170.259.726,84;-6.061.960.185,66;425.709.433,16;6.815.369.538,78
IR;2020;Setembro;1º decêndio;2.432.781.523,04;-385.718,29;-16.000.341,42;-14.978.186,99;119.133.864,15;2.520.551.140,49
IR;2020;Setembro;2º decêndio;10.145.933.994,00;-194.395,96;-519.830.095,69;-44.111.630,14;580.844.188,05;10.162.642.060,26
IR;2020;Setembro;3º decêndio;17.935.629.956,40;-1.423.614,11;-1.594.190.706,84;-4.446.348.665,78;975.821.837,16;12.869.488.806,83
IR;2020;Outubro;1º decêndio;3.067.706.218,85;2.352.293,87;-640.374.312,00;-47.332.930,21;118.109.338,36;2.500.460.608,87
IR;2020;Outubro;2º decêndio;11.442.386.182,13;-3.777.930,61;-724.904.565,35;-30.285.039,04;1.219.012.186,15;11.902.430.833,28
IR;2020;Outubro;3º decêndio;26.659.874.784,68;-6.623.836,88;-2.339.438.666,28;-985.499.705,70;469.622.001,60;23.797.934.577,42
IR;2020;Novembro;1º decêndio;2.617.062.085,97;1.683.908,92;536.777.531,35;-40.394.384,90;99.490.873,87;3.214.620.015,21
IR;2020;Novembro;2º decêndio;10.382.527.482,03;1.522.957,16;-987.588.608,12;-55.714.054,11;1.144.507.559,45;10.485.255.336,41
IR;2020;Novembro;3º decêndio;21.396.667.765,78;6.718.342,27;-1.477.732.129,44;-532.686.155,98;525.448.748,26;19.918.416.570,89
IR;2020;Dezembro;1º decêndio;6.806.216.904,04;4.952.475,42;-367.587.022,70;-150.827.267,63;154.400.701,73;6.447.155.790,86
IR;2020;Dezembro;2º decêndio;13.721.432.002,44;-546.641,76;-1.486.189.055,42;-47.875.541,62;725.283.987,69;12.912.104.751,33
IR;2020;Dezembro;3º decêndio;20.556.434.957,64;500.703,66;-1.165.916.751,33;-668.469.751,08;1.134.450.098,61;19.856.999.257,50
IR;2021;Janeiro;1º decêndio;4.631.967.887,05;-29.826.832,90;-395.833.182,03;-10.364.335,70;58.965.490,44;4.254.909.026,86
IR;2021;Janeiro;2º decêndio;16.332.176.607,11;3.283.415,56;29.044.312,73;-73.175.944,17;1.261.008.131,78;17.552.336.523,01
IR;2021;Janeiro;3º decêndio;44.040.532.640,63;-11.008.300,92;-1.029.574.324,59;-476.049.765,37;312.029.106,53;42.835.929.356,28
IR;2021;Fevereiro;1º decêndio;2.732.154.934,89;-2.228.107,39;775.617.377,51;-35.274.862,86;88.027.905,17;3.558.297.247,32
IR;2021;Fevereiro;2º decêndio;10.911.680.893,95;9.271.451,81;-180.995.626,89;-27.031.941,50;576.370.612,04;11.289.295.389,41
IR;2021;Fevereiro;3º decêndio;20.523.452.219,83;1.007.201,43;-2.696.331.524,46;-326.039.622,08;650.041.675,24;18.152.129.949,96
IR;2021;Março;1º decêndio;2.878.817.381,30;13.026.264,36;1.343.321.880,89;-13.529.789,89;107.322.171,28;4.328.957.907,94
IR;2021;Março;2º decêndio;13.094.034.479,31;-6.594.116,30;-78.710.531,62;-31.866.146,53;568.540.184,54;13.545.403.869,40
IR;2021;Março;3º decêndio;21.603.468.012,60;-14.217.175,88;-1.082.489.807,31;-907.343.880,99;678.412.961,88;20.277.830.110,30
IR;2021;Abril;1º decêndio;2.798.778.821,00;-554.063,19;181.614.761,26;-34.520.892,96;30.461.947,44;2.975.780.573,55
IR;2021;Abril;2º decêndio;14.192.619.940,20;3.618.437,67;-368.820.034,25;-19.586.637,33;858.734.160,97;14.666.565.867,26
IR;2021;Abril;3º decêndio;29.921.866.554,38;1.161.860,63;-2.566.509.393,53;-458.964.725,45;1.560.200.982,18;28.457.755.278,21
IR;2021;Maio;1º decêndio;2.552.860.953,11;-4.762.031,50;1.562.302.761,91;-80.767.388,95;71.869.986,17;4.101.504.280,74
IR;2021;Maio;2º decêndio;14.062.379.041,80;-3.149.827,91;-250.272.796,99;-163.628.820,85;799.495.191,79;14.444.822.787,84
IR;2021;Maio;3º decêndio;28.901.060.784,49;-948.796,25;-351.793.260,64;-6.805.022.301,13;252.721.408,17;21.996.017.834,64
IR;2021;Junho;1º decêndio;6.346.890.033,04;-1.642.043,14;316.241.130,43;-21.951.745,11;116.677.227,31;6.756.214.602,53
IR;2021;Junho;2º decêndio;11.899.349.574,54;1.290.629,56;-578.737.074,84;-296.859.476,08;565.902.005,07;11.590.945.658,25
IR;2021;Junho;3º decêndio;23.175.828.070,63;5.717.633,64;-368.699.678,79;-6.358.571.483,67;527.302.881,34;16.981.577.423,15
IR;2021;Julho;1º decêndio;3.358.307.529,27;665.624,91;-589.625.831,39;-36.408.351,28;107.891.798,80;2.840.830.770,31
IR;2021;Julho;2º decêndio;12.415.336.162,06;-15.733.488,84;41.655.031,24;-57.939.998,54;1.450.727.786,57;13.834.045.492,49
IR;2021;Julho;3º decêndio;34.057.637.014,53;581.570,82;-7.692.704,72;-6.215.506.559,00;253.727.545,26;28.088.746.866,89
IR;2021;Agosto;1º decêndio;3.727.443.526,92;-1.546.462,99;308.299.087,72;-163.458.092,50;69.215.167,42;3.939.953.226,57
IR;2021;Agosto;2º decêndio;12.803.033.471,01;661.518,09;-621.665.597,22;-26.755.320,31;542.318.118,76;12.697.592.190,33
IR;2021;Agosto;3º decêndio;23.411.280.168,17;10.727.533,95;-1.333.296.514,27;-5.316.054.124,18;136.397.132,52;16.909.054.196,19
IR;2021;Setembro;1º decêndio;3.078.336.036,67;13.640.234,03;421.442.461,07;-51.665.056,35;59.926.528,65;3.521.680.204,07
IR;2021;Setembro;2º decêndio;12.895.917.240,72;5.185.631,09;-688.238.398,45;-164.611.123,82;530.377.123,95;12.578.630.473,49
IR;2021;Setembro;3º decêndio;23.476.244.716,06;5.256.573,01;-2.237.173.879,35;-665.319.915,56;173.019.781,84;20.752.027.276,00
IR;2021;Outubro;1º decêndio;3.062.821.009,53;1.745.632,29;249.520.778,02;-33.420.907,11;51.164.788,76;3.331.831.301,49
IR;2021;Outubro;2º decêndio;13.707.523.307,96;-328.294,95;-958.099.263,36;-14.619.610,47;494.288.450,81;13.228.764.589,99
IR;2021;Outubro;3º decêndio;36.515.696.083,30;190.288,35;-1.699.377.851,64;-858.422.106,14;140.512.761,12;34.098.599.174,99
IR;2021;Novembro;1º decêndio;3.294.814.998,85;-504.786.387,10;1.383.068.000,85;-29.070.242,53;56.211.478,27;4.200.237.848,34
IR;2021;Novembro;2º decêndio;12.812.867.041,64;5.788.096,64;-900.490.301,50;-33.815.843,04;458.537.541,39;12.342.886.535,13
IR;2021;Novembro;3º decêndio;26.233.323.448,05;16.846.421,65;-1.114.651.523,83;-729.717.695,40;199.752.577,07;24.605.553.227,54
IR;2021;Dezembro;1º decêndio;9.796.824.492,00;-11.585.402,42;1.075.552.104,87;-19.787.816,80;72.479.863,92;10.913.483.241,57
IR;2021;Dezembro;2º decêndio;17.442.210.240,43;-1.334.467,34;-802.059.960,21;-71.852.744,02;574.619.709,55;17.141.582.778,41
IR;2021;Dezembro;3º decêndio;25.490.223.955,22;-3.050.834,99;-155.563.453,42;-432.285.963,92;1.029.995.462,44;25.929.319.165,33
IR;2022;Janeiro;1º decêndio;5.797.483.716,31;-3.947.483,88;51.004.475,66;-20.958.350,61;15.318.570,84;5.838.900.928,32
IR;2022;Janeiro;2º decêndio;20.498.197.565,28;-10.520.793,66;-248.408.192,10;-18.342.935,29;613.371.073,65;20.834.296.717,88
IR;2022;Janeiro;3º decêndio;57.733.002.102,03;1.990.771,59;197.058.418,06;-611.093.138,10;125.155.503,26;57.446.113.656,84
IR;2022;Fevereiro;1º decêndio;4.083.771.367,60;8.537.448,08;970.884.936,00;-182.060.666,31;51.137.724,31;4.932.270.809,68
IR;2022;Fevereiro;2º decêndio;13.818.792.741,62;3.462.332,53;-88.437.975,67;-23.563.225,29;451.141.234,37;14.161.395.107,56
IR;2022;Fevereiro;3º decêndio;22.788.941.760,84;647.445,61;-48.847.005,99;-220.207.474,14;169.742.905,05;22.690.277.631,37
IR;2022;Março;1º decêndio;3.790.300.230,00;35.042.512,20;-145.780.948,60;-12.068.064,51;53.414.652,95;3.720.908.382,04
IR;2022;Março;2º decêndio;16.765.383.009,97;8.174.119,84;-85.436.084,92;-28.721.467,68;411.040.460,37;17.070.440.037,58
IR;2022;Março;3º decêndio;29.880.669.065,39;310.067,86;-447.683.725,27;-445.992.625,07;222.220.509,48;29.209.523.292,39
IR;2022;Abril;1º decêndio;4.468.306.375,07;1.347.620,90;412.876.114,26;-174.052.826,65;51.067.370,63;4.759.544.654,21
IR;2022;Abril;2º decêndio;17.970.889.699,93;-1.520.681,57;138.874.990,62;-67.495.659,99;588.560.523,73;18.629.308.872,72
IR;2022;Abril;3º decêndio;38.612.588.328,92;3.420.044,22;318.810.511,54;-429.549.818,84;542.937.271,27;39.048.206.337,11
IR;2022;Maio;1º decêndio;3.831.088.274,08;4.289.510,18;1.136.723.881,97;-50.441.420,78;65.207.533,65;4.986.867.779,10
IR;2022;Maio;2º decêndio;17.725.545.092,03;1.028.094,42;-13.857.527,40;-43.535.992,11;516.089.244,86;18.185.268.911,80
IR;2022;Maio;3º decêndio;32.178.278.118,08;-26.295.816,05;-357.948.868,09;-6.440.674.463,12;139.026.589,02;25.492.385.559,84
IR;2022;Junho;1º decêndio;14.798.554.335,81;5.088.888,26;828.409.731,65;-15.004.103,85;69.169.062,60;15.686.217.914,47
IR;2022;Junho;2º decêndio;15.167.106.985,64;1.390.484,40;-263.110.523,02;-13.616.261,02;534.816.110,16;15.426.586.796,16
IR;2022;Junho;3º decêndio;33.785.925.748,13;2.740.605,11;62.999.878,63;-6.560.912.607,77;151.291.348,95;27.442.044.973,05
IR;2022;Julho;1º decêndio;5.118.007.091,26;6.956.363,43;-5.394.876,68;-1.055.073.075,31;53.009.047,91;4.117.504.550,61
IR;2022;Julho;2º decêndio;15.893.029.071,00;-4.300.656,78;-245.706.780,57;-37.208.212,59;551.319.034,84;16.157.132.455,90
IR;2022;Julho;3º decêndio;42.944.039.547,04;-5.528.108,15;240.431.675,37;-6.450.943.104,65;137.200.180,67;36.865.200.190,28
IR;2022;Agosto;1º decêndio;4.314.016.903,84;-27.824.891,75;972.059.079,33;-395.449.577,63;52.049.611,45;4.914.851.125,24
IR;2022;Agosto;2º decêndio;15.328.869.836,56;23.577.812,25;-1.497.244.829,46;-13.713.648,32;484.087.632,78;14.325.576.803,81
IR;2022;Agosto;3º decêndio;32.725.188.049,12;-38.377.449,84;-659.162.031,95;-7.020.745.444,62;233.688.788,44;25.240.591.911,15
IR;2022;Setembro;1º decêndio;4.643.624.081,05;1.444.789,32;-243.883.340,70;-69.494.409,88;53.666.729,74;4.385.357.849,53
IR;2022;Setembro;2º decêndio;15.687.318.109,20;2.088.091,78;-1.151.621.569,73;-66.580.761,75;591.683.873,19;15.062.887.742,69
IR;2022;Setembro;3º decêndio;27.131.565.302,31;-94.653.720,95;-1.531.952.120,13;-2.675.410.565,90;151.967.424,62;22.981.516.319,95
IR;2022;Outubro;1º decêndio;5.255.103.391,08;254.036.877,31;178.885.022,84;-28.728.539,45;-11.090.488,27;5.648.206.263,51
IR;2022;Outubro;2º decêndio;18.848.750.961,50;35.427.972,22;-694.848.694,16;-38.049.287,84;534.291.255,98;18.685.572.207,70
IR;2022;Outubro;3º decêndio;42.782.414.394,58;28.739.039,05;-4.113.430.596,04;-1.190.424.902,87;118.690.086,25;37.625.988.020,97
IR;2022;Novembro;1º decêndio;4.977.835.734,84;-466.793,53;4.569.456.926,60;-101.008.582,22;67.598.086,65;9.513.415.372,34
IR;2022;Novembro;2º decêndio;15.161.764.412,68;4.036.179,16;-315.857.056,56;-183.538.228,07;466.328.193,82;15.132.733.501,03
IR;2022;Novembro;3º decêndio;31.201.401.222,61;-7.607.873,43;-2.250.020.247,72;-1.612.151.313,09;877.614.506,95;28.209.236.295,32
IR;2022;Dezembro;1º decêndio;18.361.339.543,36;-46.738.320,34;1.279.977.375,21;-70.404.109,41;41.802.417,78;19.565.976.906,60
IR;2022;Dezembro;2º decêndio;17.217.128.447,23;-6.906.456,18;-247.513.809,64;-67.639.708,13;625.481.548,21;17.520.550.021,49
IR;2022;Dezembro;3º decêndio;30.118.612.970,53;11.260.903,71;-1.291.478.915,89;-3.036.278.429,23;231.685.027,33;26.033.801.556,45
IR;2023;Janeiro;1º decêndio;9.755.840.095,08;16.678.465,37;740.992,05;-259.942.628,04;-5.758.588,69;10.004.121.854,39
IR;2023;Janeiro;2º decêndio;25.260.511.089,49;593.254.634,54;12.438.433,34;-899.370.304,69;-44.278.359,08;25.598.466.685,38
IR;2023;Janeiro;3º decêndio;63.869.605.681,98;123.996.247,34;1.103.005,66;975.113.927,20;-945.124.124,47;63.714.516.626,25
IR;2023;Fevereiro;1º decêndio;5.916.939.947,13;90.187.269,84;-12.550.349,08;1.367.442.041,56;-22.568.185,04;4.494.429.169,85
IR;2023;Fevereiro;2º decêndio;15.530.584.816,36;474.674.005,98;14.517.445,49;-744.039.082,52;-81.486.707,68;15.866.919.155,09
IR;2023;Fevereiro;3º decêndio;24.818.042.301,66;192.277.407,96;-967.497,81;-1.728.433.679,36;-634.270.114,84;26.989.436.185,71
IR;2023;Março;1º decêndio;4.483.250.741,28;-50.393.510,33;980.434.015,58;-259.572.625,13;376.453.453,15;5.530.172.074,55
IR;2023;Março;2º decêndio;19.268.252.811,32;-13.731.083,46;-8.611.008,50;-145.689.050,61;508.349.858,32;19.608.571.527,07
IR;2023;Março;3º decêndio;29.242.408.562,58;1.189.458,56;-1.697.764.276,74;-1.112.080.005,99;155.926.879,94;26.589.680.618,35
IR;2023;Abril;1º decêndio;5.707.044.054,77;277.042,29;1.503.018.698,18;-42.977.092,99;3.636.650,98;7.170.999.353,23
IR;2023;Abril;2º decêndio;22.687.467.083,82;30.952.252,69;353.779.648,04;-18.164.455,10;642.487.644,40;23.696.522.173,85
IR;2023;Abril;3º decêndio;39.569.207.537,13;5.245.376,15;-203.099.544,06;-1.696.858.997,24;129.244.228,36;37.803.738.600,34
IR;2023;Maio;1º decêndio;5.027.436.823,70;3.528.153,83;2.160.409.764,82;-21.344.577,48;51.750.547,08;7.221.780.711,95
IR;2023;Maio;2º decêndio;19.478.447.046,50;3.421.609,86;-3.289.991,84;-133.352.461,77;501.843.776,30;19.847.069.979,05
IR;2023;Maio;3º decêndio;33.341.416.674,42;3.647.644,12;-702.876.731,65;-8.102.472.329,33;228.142.076,01;24.767.857.333,57
IR;2023;Junho;1º decêndio;14.840.390.689,18;-51.697.484,66;804.634.981,49;-167.722.367,39;48.099.960,71;15.473.705.779,33
IR;2023;Junho;2º decêndio;18.314.488.823,59;111.784.233,00;-170.967.343,34;-126.472.890,90;895.447.861,61;19.024.280.683,96
IR;2023;Junho;3º decêndio;25.809.604.190,75;-1.486.031,29;-909.615.420,29;-7.798.590.489,01;163.242.956,88;17.263.155.207,04
IR;2023;Julho;1º decêndio;6.743.490.096,76;24.896.411,14;-317.423.747,90;-63.752.436,41;44.034.389,93;6.431.244.713,52
IR;2023;Julho;2º decêndio;19.835.272.293,26;6.879.397,20;-498.315.527,19;-401.743.607,53;680.403.256,56;19.622.495.812,30
IR;2023;Julho;3º decêndio;37.489.850.945,65;5.395.645,72;-1.169.718.026,14;-8.096.840.937,71;141.544.548,45;28.370.232.175,97
IR;2023;Agosto;1º decêndio;4.703.277.398,50;43.459.050,24;1.667.994.154,54;-27.249.279,60;49.651.287,08;6.437.132.610,76
IR;2023;Agosto;2º decêndio;17.500.500.898,29;-1.103.848,56;-1.806.132.365,65;-37.351.822,45;532.397.669,10;16.188.310.530,73
IR;2023;Agosto;3º decêndio;25.944.448.801,97;34.919.579,41;-1.639.297.994,68;-7.799.740.115,51;220.812.993,51;16.761.143.264,70
IR;2023;Setembro;1º decêndio;4.802.387.186,35;52.319.406,98;-181.975.071,60;-32.562.941,96;10.669.515,97;4.650.838.095,74
IR;2023;Setembro;2º decêndio;20.108.233.716,32;49.472.269,72;-1.605.088.494,32;-33.757.888,32;2.652.746.961,46;21.171.606.564,86
IR;2023;Setembro;3º decêndio;23.851.571.604,42;67.389.988,55;-1.625.001.464,87;-3.154.441.963,34;99.443.186,14;19.238.961.350,90
IR;2023;Outubro;1º decêndio;6.467.333.002,71;49.846.559,92;666.615.958,65;-9.113.197,42;29.263.622,28;7.203.945.946,14
IR;2023;Outubro;2º decêndio;20.369.219.137,83;29.647.663,73;-867.417.054,20;-439.263.585,07;608.172.207,74;19.700.358.370,03
IR;2023;Outubro;3º decêndio;40.809.908.767,02;-1.369.092,37;-2.026.158.546,53;-1.425.296.793,92;94.339.898,56;37.451.424.232,76
IR;2023;Novembro;1º decêndio;5.175.993.366,00;74.807.584,49;2.442.831.730,11;-9.636.046,74;34.098.936,53;7.718.095.570,39
IR;2023;Novembro;2º decêndio;18.334.876.476,78;874.288,83;-1.247.123.477,84;-42.199.722,71;607.531.257,86;17.653.958.822,92
IR;2023;Novembro;3º decêndio;27.473.394.076,48;93.576.484,23;-348.830.774,97;-1.101.623.472,53;156.008.888,06;26.272.525.201,27
IR;2023;Dezembro;1º decêndio;18.551.647.293,22;31.529.951,84;77.154.150,12;-29.580.999,03;81.931.767,99;18.712.682.164,14
IR;2023;Dezembro;2º decêndio;24.951.894.663,51;5.837.241,04;-1.727.244.941,25;-153.372.941,25;1.118.598.323,75;24.195.712.345,80
IR;2023;Dezembro;3º decêndio;27.469.206.975,60;-15.288.590,90;-721.004.223,02;-757.818.297,51;162.203.207,85;26.137.299.072,02
IR;2024;Janeiro;1º decêndio;9.257.135.078,76;9.294.501,58;120.778.779,79;-29.659.667,56;24.863.659,10;9.382.412.351,67
IR;2024;Janeiro;2º decêndio;30.325.156.478,81;-5.469.729,88;-429.285.973,39;-17.858.476,74;562.979.454,22;30.435.521.753,02
IR;2024;Janeiro;3º decêndio;68.136.233.800,71;139.127.624,98;-1.088.431.191,80;-1.095.911.040,98;148.656.881,08;66.239.676.073,99
IR;2024;Fevereiro;1º decêndio;5.563.938.697,89;10.593.645,38;2.881.358.046,00;-21.000.231,47;152.153.511,46;8.587.043.669,26
IR;2024;Fevereiro;2º decêndio;20.767.791.073,89;-11.768.517,95;-714.210.196,38;-5.379.522,86;623.339.082,60;20.659.771.919,30
IR;2024;Fevereiro;3º decêndio;29.406.977.213,85;-9.470.030,54;-938.333.241,92;-828.746.707,32;119.918.336,75;27.750.345.570,82
IR;2024;Março;1º decêndio;3.714.220.839,90;9.708.694,14;-151.114.952,65;-18.297.496,07;45.497.022,35;3.600.014.107,67
IR;2024;Março;2º decêndio;24.219.236.626,22;3.561.182,00;-55.652.975,35;-13.898.291,72;955.759.606,67;25.109.006.147,82
IR;2024;Março;3º decêndio;27.722.848.742,82;17.354.106,91;-835.331.115,23;-571.922.392,74;1.392.332.778,33;27.725.282.120,09
